medal_type,code,country
Gold Medal,1903136,Belgium
Silver Medal,1923520,Italy
Bronze Medal,1903147,Belgium
Gold Medal,1940173,Australia
Silver Medal,1912525,Great Britain
Bronze Medal,1955079,United States
Gold Medal,1927149,Korea
Silver Medal,1937783,Tunisia
Bronze Medal,1924595,Italy
Gold Medal,1963262,"Hong Kong, China"
Silver Medal,1916183,France
Bronze Medal,1946375,Hungary
Gold Medal,1935408,Kazakhstan
Silver Medal,1891304,France
Bronze Medal,1896752,Japan
Bronze Medal,1563544,Spain
Gold Medal,1896735,Japan
Silver Medal,1914467,Mongolia
Bronze Medal,1891280,France
Bronze Medal,1571911,Sweden
Gold Medal,1907192,Germany
Silver Medal,1946172,Australia
Bronze Medal,4654306,Korea
Gold Medal,1946150,Australia
Silver Medal,1967140,Canada
Bronze Medal,1935938,United States
Gold Medal,1940205,Australia
Silver Medal,1942126,Poland
Bronze Medal,1896045,Great Britain
Gold Medal,1895672,France
Silver Medal,1955070,United States
Bronze Medal,1564023,Sweden
Gold Medal,1896548,Japan
Silver Medal,1916194,France
Bronze Medal,1936462,Egypt
Gold Medal,1950611,United States
Silver Medal,1950643,United States
Bronze Medal,1973213,Canada
Gold Medal,1896763,Japan
Silver Medal,1953840,Brazil
Bronze Medal,1935410,Kazakhstan
Bronze Medal,1561138,Republic of Moldova
Gold Medal,1566997,Uzbekistan
Silver Medal,1550162,Kosovo
Bronze Medal,1953817,Brazil
Bronze Medal,1891283,France
Gold Medal,1913907,China
Silver Medal,1551388,Italy
Bronze Medal,1551387,Italy
Gold Medal,1893972,Korea
Silver Medal,1893930,Korea
Bronze Medal,1538159,India
Gold Medal,1902055,Japan
Silver Medal,1902069,Japan
Bronze Medal,1955689,Brazil
Gold Medal,1925633,Italy
Silver Medal,1956469,Great Britain
Silver Medal,1935901,United States
Gold Medal,1909294,France
Silver Medal,1963635,Japan
Bronze Medal,1935903,United States
Gold Medal,1935923,United States
Silver Medal,1935998,United States
Bronze Medal,1945125,China
Gold Medal,1880479,France
Silver Medal,1896030,Great Britain
Bronze Medal,1961080,Slovakia
Gold Medal,1912546,Great Britain
Silver Medal,1895687,France
Bronze Medal,1943604,South Africa
Gold Medal,1914921,Germany
Silver Medal,1940438,Australia
Bronze Medal,1970898,Great Britain
Gold Medal,1963245,"Hong Kong, China"
Silver Medal,1924289,Italy
Bronze Medal,1950602,United States
Gold Medal,1916223,France
Silver Medal,1916222,France
Bronze Medal,1897644,Ukraine
Gold Medal,1972337,Azerbaijan
Silver Medal,1891311,France
Bronze Medal,1563437,Republic of Moldova
Bronze Medal,1896740,Japan
Gold Medal,1955526,Canada
Silver Medal,1928067,Korea
Bronze Medal,1896733,Japan
Bronze Medal,1891286,France
Gold Medal,1913899,China
Silver Medal,1572919,Sweden
Bronze Medal,1888047,Croatia
Gold Medal,1893845,Korea
Silver Medal,1913945,China
Bronze Medal,1976545,Switzerland
Gold Medal,1902081,Japan
Silver Medal,1944226,United States
Bronze Medal,1944232,United States
Gold Medal,1925635,Italy
Silver Medal,1945132,China
Bronze Medal,1935957,United States
Gold Medal,1543549,Romania
Silver Medal,1903617,Great Britain
Bronze Medal,1935918,United States
Gold Medal,1962589,South Africa
Silver Medal,1945200,China
Bronze Medal,1543304,Ireland
Gold Medal,1946218,Australia
Silver Medal,1946150,Australia
Bronze Medal,1925125,"Hong Kong, China"
Gold Medal,1967140,Canada
Silver Medal,1935909,United States
Bronze Medal,1936001,United States
Gold Medal,1896765,Japan
Silver Medal,1546651,Georgia
Bronze Medal,1928079,Korea
Bronze Medal,1570561,Tajikistan
Gold Medal,1980833,Slovenia
Silver Medal,1537287,Mexico
Bronze Medal,1891289,France
Bronze Medal,1550167,Kosovo
Gold Medal,1904430,Great Britain
Silver Medal,1913928,China
Bronze Medal,1958970,Guatemala
Gold Medal,1539969,Ireland
Silver Medal,1935902,United States
Bronze Medal,1925630,Italy
Gold Medal,1946198,Australia
Silver Medal,1935984,United States
Bronze Medal,1935873,United States
Gold Medal,1919480,Japan
Silver Medal,1918864,China
Bronze Medal,1918860,China
Gold Medal,1940205,Australia
Silver Medal,1913770,Germany
Bronze Medal,1955132,United States
Gold Medal,1916809,Argentina
Silver Medal,1912548,Great Britain
Bronze Medal,1895685,France
Gold Medal,1920569,China
Silver Medal,1955071,United States
Bronze Medal,1940118,Australia
Gold Medal,1548817,Georgia
Silver Medal,1896750,Japan
Bronze Medal,1891318,France
Bronze Medal,1961318,Greece
Gold Medal,1898499,Croatia
Silver Medal,1563082,Germany
Bronze Medal,1566421,Austria
Bronze Medal,1903248,Belgium
Gold Medal,1958899,Guatemala
Silver Medal,1915317,Italy
Bronze Medal,1967454,Australia
Gold Medal,1945148,China
Silver Medal,1946200,Australia
Bronze Medal,1543549,Romania
Gold Medal,1909294,France
Silver Medal,1946185,Australia
Bronze Medal,1972545,Netherlands
Gold Medal,1909294,France
Silver Medal,1905860,Hungary
Bronze Medal,1967058,Canada
Gold Medal,1572557,Sweden
Silver Medal,1935923,United States
Bronze Medal,1925125,"Hong Kong, China"
Gold Medal,1935938,United States
Silver Medal,1909209,France
Bronze Medal,1907171,Germany
Gold Medal,1904251,Great Britain
Silver Medal,1926549,New Zealand
Bronze Medal,1543967,France
Gold Medal,1543963,France
Silver Medal,1976489,Switzerland
Bronze Medal,1904244,Great Britain
Gold Medal,1959861,United States
Silver Medal,1953634,Brazil
Bronze Medal,1959866,United States
Gold Medal,1929767,Ecuador
Silver Medal,1951928,Brazil
Bronze Medal,1904165,Spain
Gold Medal,1919002,China
Silver Medal,1905369,Spain
Bronze Medal,1939791,Australia
Gold Medal,1550975,Italy
Silver Medal,1880464,France
Bronze Medal,1953935,Spain
Gold Medal,1972367,Azerbaijan
Silver Medal,1552370,Georgia
Bronze Medal,1892957,Israel
Bronze Medal,1565754,Uzbekistan
Gold Medal,1925349,Italy
Silver Medal,1892794,Israel
Bronze Medal,1891067,China
Bronze Medal,1943504,Portugal
Gold Medal,1913922,China
Silver Medal,1555976,Ukraine
Bronze Medal,1538084,India
Gold Medal,1904977,Hungary
Silver Medal,1954557,Greece
Bronze Medal,1977754,Switzerland
Gold Medal,1935895,United States
Silver Medal,1962589,South Africa
Bronze Medal,1972525,Netherlands
Gold Medal,1967140,Canada
Silver Medal,1935984,United States
Bronze Medal,1945125,China
Gold Medal,1970827,Uganda
Silver Medal,1536998,Ethiopia
Bronze Medal,1960959,United States
Gold Medal,1895661,France
Silver Medal,1895640,France
Bronze Medal,1895700,France
Gold Medal,1940127,Australia
Silver Medal,1969181,Netherlands
Bronze Medal,1976480,Switzerland
Gold Medal,1891323,France
Silver Medal,1928072,Korea
Bronze Medal,1567512,Tajikistan
Bronze Medal,1566931,Uzbekistan
Gold Medal,1953777,Brazil
Silver Medal,1892796,Israel
Bronze Medal,1928070,Korea
Bronze Medal,1891300,France
Gold Medal,1977709,Switzerland
Silver Medal,1944373,United States
Bronze Medal,1913972,China
Gold Medal,1909294,France
Silver Medal,1903621,Great Britain
Bronze Medal,1945186,China
Gold Medal,1946161,Australia
Silver Medal,1903616,Great Britain
Bronze Medal,1909292,France
Gold Medal,1946198,Australia
Silver Medal,1935984,United States
Bronze Medal,1967104,Canada
Bronze Medal,1931815,Poland
Gold Medal,1937347,AIN
Silver Medal,1918790,China
Bronze Medal,1918789,China
Gold Medal,1904745,Great Britain
Silver Medal,1938437,AIN
Bronze Medal,1973102,Canada
Gold Medal,1902147,Korea
Silver Medal,1902148,Korea
Bronze Medal,1541265,France
Gold Medal,1975874,Philippines
Silver Medal,1908195,Israel
Bronze Medal,1904741,Great Britain
Gold Medal,1539986,Ireland
Silver Medal,1931577,Kazakhstan
Bronze Medal,1959865,United States
Gold Medal,1959861,United States
Silver Medal,1953634,Brazil
Bronze Medal,1959819,United States
Gold Medal,1878353,Norway
Silver Medal,1920180,Germany
Bronze Medal,1573388,Grenada
Gold Medal,1960688,United States
Silver Medal,1965246,United States
Bronze Medal,1564189,Jamaica
Gold Medal,1537325,Saint Lucia
Silver Medal,1960181,United States
Bronze Medal,1961011,United States
Gold Medal,1908333,Dominica
Silver Medal,1536885,Jamaica
Bronze Medal,1965250,United States
Bronze Medal,1887970,Chinese Taipei
Bronze Medal,1952540,Brazil
Gold Medal,1903136,Belgium
Silver Medal,1895699,France
Bronze Medal,1895694,France
Gold Medal,1906515,Germany
Silver Medal,1538160,AIN
Bronze Medal,1965599,Netherlands
Gold Medal,1965558,Netherlands
Silver Medal,1927027,New Zealand
Bronze Medal,1941956,Lithuania
Gold Medal,1927680,Israel
Silver Medal,1945982,Australia
Bronze Medal,1970505,Netherlands
Gold Medal,1899653,Italy
Silver Medal,1927733,Israel
Bronze Medal,1899748,Great Britain
Gold Medal,1893995,Korea
Silver Medal,1888429,France
Bronze Medal,1899493,Hungary
Gold Medal,1944354,United States
Silver Medal,1944385,United States
Bronze Medal,1569852,Chinese Taipei
Gold Medal,1905860,Hungary
Silver Medal,1967069,Canada
Bronze Medal,1967058,Canada
Gold Medal,1967140,Canada
Silver Medal,1935895,United States
Bronze Medal,1946198,Australia
Gold Medal,1935938,United States
Silver Medal,1946150,Australia
Bronze Medal,1935943,United States
Gold Medal,1902307,China
Silver Medal,1902313,China
Bronze Medal,1931100,Japan
Bronze Medal,1562400,Italy
Gold Medal,1927709,China
Silver Medal,1554972,Croatia
Gold Medal,1902135,Korea
Silver Medal,1955595,United States
Bronze Medal,1902144,Korea
Gold Medal,1918856,China
Silver Medal,1918865,China
Bronze Medal,1961314,Greece
Gold Medal,1975874,Philippines
Silver Medal,1915828,Armenia
Bronze Medal,1904740,Great Britain
Gold Medal,1545688,Algeria
Silver Medal,1918872,China
Bronze Medal,1959866,United States
Gold Medal,1960173,United States
Silver Medal,1980161,Jamaica
Bronze Medal,1960958,United States
Gold Medal,1974151,Canada
Silver Medal,1916814,Hungary
Bronze Medal,1571563,Ukraine
Gold Medal,1571559,Ukraine
Silver Medal,1939838,Australia
Bronze Medal,1571577,Ukraine
Bronze Medal,1939763,Australia
Bronze Medal,1926315,Indonesia
Bronze Medal,1908817,Dominican Republic
Bronze Medal,1892464,Cabo Verde
Bronze Medal,1972293,Canada
Bronze Medal,1550184,Georgia
Bronze Medal,1943368,Dominican Republic
Bronze Medal,1555548,Cuba
Bronze Medal,1934790,Spain
Bronze Medal,1909011,Tajikistan
Bronze Medal,1980125,DPR Korea
Bronze Medal,1891890,Korea
Gold Medal,1955081,United States
Silver Medal,1969165,Netherlands
Bronze Medal,1903120,Belgium
Gold Medal,1914905,Germany
Silver Medal,1914909,Germany
Bronze Medal,1970905,Great Britain
Gold Medal,1951724,United States
Silver Medal,1923629,Great Britain
Bronze Medal,1961406,Japan
Gold Medal,1937878,Chile
Silver Medal,1977402,Great Britain
Bronze Medal,1944397,United States
Gold Medal,1935902,United States
Silver Medal,1925630,Italy
Bronze Medal,1539969,Ireland
Gold Medal,1572557,Sweden
Silver Medal,1946212,Australia
Bronze Medal,1945125,China
Gold Medal,1902295,China
Silver Medal,1563390,Sweden
Bronze Medal,1889177,France
Gold Medal,1956398,Serbia
Silver Medal,1563682,Spain
Gold Medal,1919480,Japan
Silver Medal,1935685,Colombia
Bronze Medal,1918864,China
Bronze Medal,1878037,Chinese Taipei
Gold Medal,1918865,China
Silver Medal,1897555,Ukraine
Bronze Medal,1919480,Japan
Gold Medal,1551061,Italy
Silver Medal,1918881,China
Bronze Medal,1560762,Italy
Gold Medal,1953634,Brazil
Silver Medal,1959861,United States
Bronze Medal,1550170,Romania
Gold Medal,1569203,Sweden
Silver Medal,1960178,United States
Bronze Medal,1961218,Greece
Gold Medal,1910560,Kenya
Silver Medal,1910451,Kenya
Bronze Medal,1972105,Netherlands
Gold Medal,1924429,Great Britain
Silver Medal,1536498,Ethiopia
Bronze Medal,1928047,Kenya
Gold Medal,1960721,United States
Silver Medal,1919067,China
Bronze Medal,1922205,Croatia
Gold Medal,1888993,Denmark
Silver Medal,1926294,Thailand
Bronze Medal,1566617,Malaysia
Gold Medal,1891498,Korea
Silver Medal,1913436,China
Gold Medal,1945386,New Zealand
Silver Medal,1896032,Great Britain
Bronze Medal,1913780,Germany
Gold Medal,1940209,Australia
Silver Medal,1880483,France
Bronze Medal,1896045,Great Britain
Gold Medal,1913913,China
Silver Medal,1893852,Korea
Bronze Medal,1913919,China
Gold Medal,1567361,France
Silver Medal,1946129,Australia
Bronze Medal,1955778,Brazil
Gold Medal,1943206,United States
Silver Medal,1955783,Brazil
Bronze Medal,1567359,France
Gold Medal,1960933,United States
Silver Medal,1924440,Great Britain
Bronze Medal,1965327,United States
Gold Medal,1961246,Greece
Silver Medal,1938899,Jamaica
Bronze Medal,1552378,Italy
Gold Medal,1965868,United States
Silver Medal,1537325,Saint Lucia
Bronze Medal,1960588,United States
Gold Medal,1926102,Bahrain
Silver Medal,1971686,Uganda
Bronze Medal,1910453,Kenya
Gold Medal,1974290,Canada
Silver Medal,1960899,United States
Bronze Medal,1919077,China
Bronze Medal,1955645,United States
Bronze Medal,1912009,Great Britain
Bronze Medal,1931331,Kazakhstan
Bronze Medal,1979870,Philippines
Gold Medal,1555098,Ireland
Silver Medal,1926828,China
Bronze Medal,1898283,Thailand
Bronze Medal,1887975,Chinese Taipei
Gold Medal,1901545,China
Silver Medal,1901544,China
Bronze Medal,1980115,DPR Korea
Gold Medal,1914912,Germany
Silver Medal,1976553,Switzerland
Bronze Medal,1976879,Netherlands
Gold Medal,1946064,Australia
Silver Medal,1902075,Japan
Bronze Medal,1544123,Great Britain
Gold Medal,1571506,Cuba
Silver Medal,1935199,Chile
Bronze Medal,1544882,IR Iran
Bronze Medal,1919983,China
Gold Medal,1939713,Japan
Silver Medal,1919973,China
Bronze Medal,1566631,Kyrgyzstan
Bronze Medal,1980153,DPR Korea
Gold Medal,1955304,United States
Silver Medal,1568241,Kyrgyzstan
Bronze Medal,1570415,Türkiye
Bronze Medal,1939709,Japan
Gold Medal,1555372,Morocco
Silver Medal,1965896,United States
Bronze Medal,1910445,Kenya
Gold Medal,1960177,United States
Silver Medal,1924430,Great Britain
Bronze Medal,1937531,Zambia
Gold Medal,1912322,Jamaica
Silver Medal,1922593,Lithuania
Bronze Medal,1939824,Australia
Gold Medal,1939839,Australia
Silver Medal,1965268,United States
Bronze Medal,1974216,Canada
Bronze Medal,1895903,Germany
Bronze Medal,1879120,France
Gold Medal,1555537,Cuba
Silver Medal,1879111,France
Gold Medal,1564362,Ukraine
Silver Medal,1932824,Kazakhstan
Bronze Medal,1568204,Türkiye
Bronze Medal,1979904,Philippines
Gold Medal,1945990,Australia
Silver Medal,1905347,Cyprus
Bronze Medal,1944316,Peru
Gold Medal,1970500,Netherlands
Silver Medal,1895121,Denmark
Bronze Medal,1878602,Norway
Gold Medal,1946074,Australia
Silver Medal,1944247,United States
Bronze Medal,1955669,Brazil
Gold Medal,1563327,Poland
Silver Medal,1913702,China
Bronze Medal,1563321,Poland
Gold Medal,1904040,Korea
Silver Medal,1946883,Azerbaijan
Bronze Medal,1893274,France
Bronze Medal,1947736,Tunisia
Gold Medal,1902841,Thailand
Silver Medal,1910372,China
Bronze Medal,1536064,IR Iran
Bronze Medal,1569986,Croatia
Gold Medal,1918372,China
Silver Medal,1898059,Thailand
Bronze Medal,1917153,United States
Gold Medal,1918377,China
Silver Medal,1550148,Romania
Bronze Medal,1898024,Thailand
Gold Medal,1939692,Japan
Silver Medal,1958652,Kazakhstan
Bronze Medal,1532873,Armenia
Bronze Medal,1566627,Kyrgyzstan
Gold Medal,1544897,IR Iran
Silver Medal,1532872,Armenia
Bronze Medal,1571504,Cuba
Bronze Medal,1566601,Kyrgyzstan
Gold Medal,1955373,United States
Silver Medal,1571747,Cuba
Bronze Medal,1939712,Japan
Bronze Medal,1920000,China
Gold Medal,1960961,United States
Silver Medal,1965223,United States
Bronze Medal,1901251,Jamaica
Gold Medal,1936983,Botswana
Silver Medal,1960659,United States
Bronze Medal,1960173,United States
Gold Medal,1878563,Pakistan
Silver Medal,1550250,India
Bronze Medal,1573418,Grenada
Gold Medal,1965308,United States
Silver Medal,1960581,United States
Bronze Medal,1972078,Netherlands
Gold Medal,1960711,United States
Silver Medal,1920175,Germany
Bronze Medal,1965250,United States
Gold Medal,1556045,Uzbekistan
Silver Medal,1879110,France
Bronze Medal,1940136,Australia
Bronze Medal,1555185,Bulgaria
Gold Medal,1926832,China
Silver Medal,1568186,Türkiye
Bronze Medal,1940134,Australia
Bronze Medal,1894537,EOR
Gold Medal,1895717,France
Silver Medal,1933816,Portugal
Bronze Medal,1915370,Belgium
Gold Medal,1945040,New Zealand
Silver Medal,1969180,Netherlands
Bronze Medal,1912522,Great Britain
Gold Medal,1901550,China
Silver Medal,1901549,China
Bronze Medal,1535349,Mexico
Gold Medal,1972515,Netherlands
Silver Medal,1945588,Australia
Bronze Medal,1925804,Italy
Gold Medal,1899728,Great Britain
Silver Medal,1559512,France
Bronze Medal,1970517,Netherlands
Gold Medal,1940329,Indonesia
Silver Medal,1913699,China
Bronze Medal,1950309,United States
Gold Medal,1887714,Uzbekistan
Silver Medal,1537401,Jordan
Bronze Medal,1910367,China
Bronze Medal,1955815,Brazil
Gold Medal,1904038,Korea
Silver Medal,1536067,IR Iran
Bronze Medal,1966505,Canada
Bronze Medal,2493835,Bulgaria
Gold Medal,1941786,Indonesia
Silver Medal,1898067,Thailand
Bronze Medal,1902787,Bulgaria
Gold Medal,1918379,China
Silver Medal,1965815,Canada
Bronze Medal,1569563,Chinese Taipei
Gold Medal,1544928,IR Iran
Silver Medal,1550119,Ukraine
Bronze Medal,1981760,Azerbaijan
Bronze Medal,1571498,Cuba
Gold Medal,1559471,Bulgaria
Silver Medal,1544880,IR Iran
Bronze Medal,1550116,Ukraine
Bronze Medal,1879518,Denmark
Gold Medal,1939711,Japan
Silver Medal,1960228,Ecuador
Bronze Medal,1980149,DPR Korea
Bronze Medal,1920006,China
Gold Medal,1960684,United States
Silver Medal,1894095,Norway
Bronze Medal,1951913,Brazil
Gold Medal,1904099,Spain
Silver Medal,1938792,Portugal
Bronze Medal,1552375,Italy
Gold Medal,1910560,Kenya
Silver Medal,1552305,Italy
Bronze Medal,1972105,Netherlands
Gold Medal,1899666,Dominican Republic
Silver Medal,1915338,Bahrain
Bronze Medal,1573098,Poland
Gold Medal,1920183,Germany
Silver Medal,1926695,New Zealand
Bronze Medal,1919065,China
Gold Medal,1556797,Uzbekistan
Silver Medal,1535187,Mexico
Gold Medal,1556860,Uzbekistan
Silver Medal,1972343,Azerbaijan
Gold Medal,1926833,China
Silver Medal,1568182,Türkiye
Gold Medal,1540353,Algeria
Silver Medal,1926827,China
Gold Medal,1953038,Japan
Silver Medal,1924559,Lithuania
Bronze Medal,1909907,China
Gold Medal,1878716,Czechia
Silver Medal,1952595,Brazil
Bronze Medal,1550295,Republic of Moldova
Gold Medal,1969182,Netherlands
Silver Medal,1940263,Australia
Bronze Medal,1912515,Great Britain
Gold Medal,1901538,China
Silver Medal,1940414,Australia
Bronze Medal,1901539,China
Gold Medal,1909030,Hungary
Silver Medal,1907234,Germany
Bronze Medal,1902450,Hungary
Gold Medal,1566437,Austria
Silver Medal,1981549,Slovenia
Bronze Medal,1535852,Singapore
Gold Medal,1544218,Great Britain
Silver Medal,1892022,Japan
Bronze Medal,1560677,Austria
Gold Medal,1947737,Tunisia
Silver Medal,1536058,IR Iran
Bronze Medal,1929685,Italy
Bronze Medal,1914832,Denmark
Gold Medal,1572318,Hungary
Silver Medal,1956372,Serbia
Bronze Medal,1930773,United States
Bronze Medal,1903284,Belgium
Gold Medal,1903011,Bulgaria
Silver Medal,1543506,Colombia
Bronze Medal,1568724,Italy
Gold Medal,1917154,United States
Silver Medal,1543509,Colombia
Bronze Medal,1940300,Ecuador
Gold Medal,1939714,Japan
Silver Medal,1955415,United States
Bronze Medal,1931496,India
Bronze Medal,1562157,Uzbekistan
Gold Medal,1556873,Bulgaria
Silver Medal,1544803,IR Iran
Bronze Medal,1955300,United States
Bronze Medal,1963800,Greece
Gold Medal,1939710,Japan
Silver Medal,1572203,Republic of Moldova
Bronze Medal,1955426,United States
Bronze Medal,1920010,China
Gold Medal,1898250,Norway
Silver Medal,1963077,Kenya
Bronze Medal,1960959,United States
Gold Medal,1910412,Kenya
Silver Medal,1974048,Canada
Bronze Medal,1963520,Algeria
Gold Medal,1926713,New Zealand
Silver Medal,1965306,United States
Bronze Medal,1566681,Qatar
Gold Medal,1901284,Ethiopia
Silver Medal,1942753,Belgium
Bronze Medal,1910555,Kenya
Gold Medal,1960169,United States
Silver Medal,1911932,France
Bronze Medal,1537183,Puerto Rico
Gold Medal,1910451,Kenya
Silver Medal,1939795,Australia
Bronze Medal,1956840,Great Britain
Gold Medal,1919914,Japan
Silver Medal,1981085,South Africa
Bronze Medal,1892137,Czechia
Gold Medal,1556869,Uzbekistan
Silver Medal,1934775,Spain
Gold Medal,1556049,Uzbekistan
Silver Medal,1878687,Kyrgyzstan
Gold Medal,1887963,Chinese Taipei
Silver Medal,1568655,Poland
Gold Medal,1926826,China
Silver Medal,1965679,Panama
Gold Medal,1958888,Canada
Silver Medal,1880191,France
Bronze Medal,1955590,United States
Gold Medal,1878715,Czechia
Silver Medal,1570863,Hungary
Bronze Medal,1569972,Hungary
Gold Medal,1964547,Canada
Silver Medal,1955126,United States
Bronze Medal,1564506,Cuba
Gold Medal,1945383,New Zealand
Silver Medal,1568350,Hungary
Bronze Medal,1892423,Denmark
Gold Medal,1901556,China
Silver Medal,1891685,Japan
Bronze Medal,1900857,Great Britain
Gold Medal,1939553,New Zealand
Silver Medal,1892506,Germany
Bronze Medal,1913218,China
Gold Medal,1932649,Egypt
Silver Medal,1887939,Japan
Bronze Medal,1553031,Italy
Gold Medal,1981131,Slovenia
Silver Medal,1950307,United States
Bronze Medal,1560673,Austria
Gold Medal,1536045,IR Iran
Silver Medal,1896149,Great Britain
Bronze Medal,1897088,Cuba
Bronze Medal,1548401,Côte d'Ivoire
Gold Medal,1893272,France
Silver Medal,1887768,Uzbekistan
Bronze Medal,1904039,Korea
Bronze Medal,1566738,Türkiye
Gold Medal,1551443,Georgia
Silver Medal,1544424,Armenia
Bronze Medal,1540334,Bahrain
Gold Medal,1918369,China
Silver Medal,1551307,Uzbekistan
Bronze Medal,1569832,AIN
Gold Medal,1878625,Norway
Silver Medal,1563010,Egypt
Bronze Medal,1940308,Ecuador
Gold Medal,1554885,Georgia
Silver Medal,1543088,IR Iran
Bronze Medal,1570546,Türkiye
Bronze Medal,1947172,Azerbaijan
Gold Medal,1562164,Uzbekistan
Silver Medal,1939708,Japan
Bronze Medal,1955345,United States
Bronze Medal,3429662,Albania
Gold Medal,1939702,Japan
Silver Medal,1897022,Ukraine
Bronze Medal,1902786,Kyrgyzstan
Bronze Medal,1878635,Norway
Gold Medal,1972105,Netherlands
Silver Medal,1901487,Ethiopia
Bronze Medal,1932851,Kenya
Gold Medal,1969182,Netherlands
Silver Medal,1940263,Australia
Bronze Medal,1940262,Australia
Gold Medal,1955106,United States
Silver Medal,1572953,Poland
Bronze Medal,1945080,New Zealand
Gold Medal,1945040,New Zealand
Silver Medal,1889704,Germany
Bronze Medal,1912522,Great Britain
Gold Medal,1936619,Hungary
Silver Medal,1545116,France
Bronze Medal,1786902,Korea
Gold Medal,1918376,China
Silver Medal,1894414,Korea
Bronze Medal,1544179,Great Britain
Gold Medal,1939700,Japan
Silver Medal,1544830,IR Iran
Bronze Medal,1537188,Puerto Rico
Bronze Medal,1559387,Albania
Gold Medal,1540305,Bahrain
Silver Medal,1552495,Georgia
Bronze Medal,1981785,Azerbaijan
Bronze Medal,1543095,IR Iran
Gold Medal,1939701,Japan
Silver Medal,1955344,United States
Bronze Medal,1571936,Cuba
Bronze Medal,1535513,Colombia
Gold Medal,1896230,Germany
Silver Medal,1548948,Bulgaria
Bronze Medal,1923694,Italy
Gold Medal,1903112,Belgium
Silver Medal,1977926,Great Britain
Bronze Medal,1895596,Belgium
Gold Medal,1901539,China
Gold Medal,1901538,China
Silver Medal,1954159,United States
Silver Medal,1954168,United States
Bronze Medal,1900841,Great Britain
Bronze Medal,1973355,Great Britain
Gold Medal,1879682,France
Gold Medal,1879687,France
Gold Medal,1879683,France
Gold Medal,1879671,France
Gold Medal,1879681,France
Gold Medal,1879684,France
Gold Medal,1879675,France
Gold Medal,1879692,France
Gold Medal,1879672,France
Gold Medal,1879661,France
Gold Medal,1879669,France
Gold Medal,1879685,France
Gold Medal,1879670,France
Silver Medal,1908897,Fiji
Silver Medal,1908838,Fiji
Silver Medal,1913346,Fiji
Silver Medal,1977633,Fiji
Silver Medal,1913523,Fiji
Silver Medal,1982069,Fiji
Silver Medal,1913286,Fiji
Silver Medal,1913334,Fiji
Silver Medal,1908911,Fiji
Silver Medal,1908835,Fiji
Silver Medal,1908841,Fiji
Silver Medal,2484588,Fiji
Silver Medal,1982687,Fiji
Silver Medal,1908901,Fiji
Bronze Medal,1574106,South Africa
Bronze Medal,1574107,South Africa
Bronze Medal,1574108,South Africa
Bronze Medal,1574109,South Africa
Bronze Medal,1888936,South Africa
Bronze Medal,1574111,South Africa
Bronze Medal,1574134,South Africa
Bronze Medal,1888932,South Africa
Bronze Medal,1574114,South Africa
Bronze Medal,1574121,South Africa
Bronze Medal,1574118,South Africa
Bronze Medal,1574119,South Africa
Bronze Medal,1574112,South Africa
Gold Medal,1913945,China
Gold Medal,1913899,China
Silver Medal,1893896,Korea
Silver Medal,1893976,Korea
Bronze Medal,1930466,Kazakhstan
Bronze Medal,1930467,Kazakhstan
Gold Medal,1935916,United States
Gold Medal,1935933,United States
Gold Medal,1935871,United States
Gold Medal,1935896,United States
Gold Medal,1935869,United States
Gold Medal,1935911,United States
Silver Medal,1946186,Australia
Silver Medal,1946235,Australia
Silver Medal,1946179,Australia
Silver Medal,1946200,Australia
Silver Medal,1946196,Australia
Bronze Medal,1925669,Italy
Bronze Medal,1925681,Italy
Bronze Medal,1925675,Italy
Bronze Medal,1925634,Italy
Bronze Medal,1925635,Italy
Bronze Medal,1925636,Italy
Gold Medal,1946221,Australia
Gold Medal,1946159,Australia
Gold Medal,1946212,Australia
Gold Medal,1946177,Australia
Gold Medal,1946227,Australia
Gold Medal,1946218,Australia
Silver Medal,1935860,United States
Silver Medal,1935945,United States
Silver Medal,1935879,United States
Silver Medal,1935895,United States
Silver Medal,1935923,United States
Silver Medal,1935998,United States
Bronze Medal,1945230,China
Bronze Medal,1945206,China
Bronze Medal,1945164,China
Bronze Medal,1945159,China
Bronze Medal,1945125,China
Gold Medal,1902121,Korea
Gold Medal,1902147,Korea
Gold Medal,1902148,Korea
Silver Medal,1913382,China
Silver Medal,1913372,China
Silver Medal,1913380,China
Bronze Medal,1535429,Mexico
Bronze Medal,1535420,Mexico
Bronze Medal,1536479,Mexico
Gold Medal,1902130,Korea
Gold Medal,1902135,Korea
Gold Medal,1902144,Korea
Silver Medal,1541270,France
Silver Medal,1541272,France
Silver Medal,1541275,France
Bronze Medal,1565000,Türkiye
Bronze Medal,1565002,Türkiye
Bronze Medal,1565006,Türkiye
Gold Medal,1919492,Japan
Gold Medal,1919491,Japan
Gold Medal,1919480,Japan
Gold Medal,1919479,Japan
Gold Medal,1919490,Japan
Silver Medal,1918856,China
Silver Medal,1918858,China
Silver Medal,1918860,China
Silver Medal,1918864,China
Silver Medal,1918865,China
Bronze Medal,1959781,United States
Bronze Medal,1959855,United States
Bronze Medal,1959823,United States
Bronze Medal,1959865,United States
Bronze Medal,1959811,United States
Gold Medal,1901555,China
Gold Medal,1901554,China
Silver Medal,1900838,Great Britain
Silver Medal,1900857,Great Britain
Bronze Medal,1959146,Canada
Bronze Medal,1959132,Canada
Gold Medal,1970917,Great Britain
Gold Medal,1970898,Great Britain
Gold Medal,1970892,Great Britain
Gold Medal,1970912,Great Britain
Silver Medal,1899846,France
Silver Medal,1899847,France
Silver Medal,1899866,France
Silver Medal,1899848,France
Bronze Medal,1946432,Japan
Bronze Medal,1946434,Japan
Bronze Medal,1946438,Japan
Bronze Medal,1946428,Japan
Gold Medal,1959861,United States
Gold Medal,1959819,United States
Gold Medal,1959825,United States
Gold Medal,1959866,United States
Gold Medal,1959814,United States
Silver Medal,1560761,Italy
Silver Medal,1551061,Italy
Silver Medal,1560762,Italy
Silver Medal,1560760,Italy
Silver Medal,1560759,Italy
Bronze Medal,1953634,Brazil
Bronze Medal,1953624,Brazil
Bronze Medal,1953630,Brazil
Bronze Medal,1953620,Brazil
Bronze Medal,1953626,Brazil
Gold Medal,1924585,Italy
Gold Medal,1924588,Italy
Gold Medal,1924587,Italy
Gold Medal,1924586,Italy
Silver Medal,1916182,France
Silver Medal,1916183,France
Silver Medal,1916184,France
Silver Medal,1916185,France
Bronze Medal,1894213,Poland
Bronze Medal,1894214,Poland
Bronze Medal,1894223,Poland
Bronze Medal,1894217,Poland
Gold Medal,1926596,New Zealand
Gold Medal,1926667,New Zealand
Gold Medal,1926592,New Zealand
Gold Medal,1926629,New Zealand
Gold Medal,1926632,New Zealand
Gold Medal,1926635,New Zealand
Gold Medal,1926644,New Zealand
Gold Medal,1926676,New Zealand
Gold Medal,1926634,New Zealand
Gold Medal,1926647,New Zealand
Gold Medal,1926646,New Zealand
Gold Medal,1926593,New Zealand
Silver Medal,1960779,Canada
Silver Medal,1960762,Canada
Silver Medal,1960778,Canada
Silver Medal,1960797,Canada
Silver Medal,1960781,Canada
Silver Medal,1960837,Canada
Silver Medal,1960826,Canada
Silver Medal,1960812,Canada
Silver Medal,1960822,Canada
Silver Medal,1960765,Canada
Silver Medal,1960803,Canada
Silver Medal,1960834,Canada
Silver Medal,1960817,Canada
Silver Medal,1960832,Canada
Bronze Medal,1950500,United States
Bronze Medal,1950498,United States
Bronze Medal,1950485,United States
Bronze Medal,1950504,United States
Bronze Medal,1950494,United States
Bronze Medal,1950487,United States
Bronze Medal,1950505,United States
Bronze Medal,1950502,United States
Bronze Medal,1950499,United States
Bronze Medal,1950501,United States
Bronze Medal,1950496,United States
Bronze Medal,1950495,United States
Gold Medal,1956347,Serbia
Gold Medal,1956356,Serbia
Silver Medal,1564886,Türkiye
Silver Medal,1564893,Türkiye
Bronze Medal,1538159,India
Bronze Medal,1545464,India
Gold Medal,1903552,Great Britain
Gold Medal,1903602,Great Britain
Gold Medal,1903531,Great Britain
Gold Medal,1903546,Great Britain
Gold Medal,1903617,Great Britain
Gold Medal,1903621,Great Britain
Silver Medal,1935931,United States
Silver Medal,1935887,United States
Silver Medal,1935968,United States
Silver Medal,1935911,United States
Silver Medal,1935903,United States
Silver Medal,1935918,United States
Silver Medal,1935982,United States
Bronze Medal,1946196,Australia
Bronze Medal,1946237,Australia
Bronze Medal,1946179,Australia
Bronze Medal,1946231,Australia
Bronze Medal,1946211,Australia
Bronze Medal,1946172,Australia
Gold Medal,1902301,China
Gold Medal,1902313,China
Silver Medal,1980143,DPR Korea
Silver Medal,1980142,DPR Korea
Bronze Medal,1936429,Korea
Bronze Medal,1936435,Korea
Gold Medal,1901544,China
Gold Medal,1901545,China
Silver Medal,1980116,DPR Korea
Silver Medal,1980115,DPR Korea
Bronze Medal,1900855,Great Britain
Bronze Medal,1900856,Great Britain
Gold Medal,1927116,Korea
Gold Medal,1927149,Korea
Gold Medal,1927151,Korea
Gold Medal,1927115,Korea
Silver Medal,1946361,Hungary
Silver Medal,1946565,Hungary
Silver Medal,1946558,Hungary
Silver Medal,1946444,Hungary
Bronze Medal,1916230,France
Bronze Medal,1916231,France
Bronze Medal,1916232,France
Bronze Medal,1916234,France
Gold Medal,1965580,Netherlands
Gold Medal,1965600,Netherlands
Gold Medal,1965586,Netherlands
Gold Medal,1965584,Netherlands
Silver Medal,1547863,Italy
Silver Medal,1560781,Italy
Silver Medal,1547871,Italy
Silver Medal,1947115,Italy
Bronze Medal,1928529,Poland
Bronze Medal,1928520,Poland
Bronze Medal,1928551,Poland
Bronze Medal,1928530,Poland
Gold Medal,1901074,Great Britain
Gold Medal,1901091,Great Britain
Gold Medal,1901027,Great Britain
Gold Medal,1901039,Great Britain
Silver Medal,1965563,Netherlands
Silver Medal,1965565,Netherlands
Silver Medal,1965572,Netherlands
Silver Medal,1965573,Netherlands
Bronze Medal,1906511,Germany
Bronze Medal,1906506,Germany
Bronze Medal,1906494,Germany
Bronze Medal,1906483,Germany
Gold Medal,1950643,United States
Gold Medal,1950611,United States
Gold Medal,1950584,United States
Gold Medal,1950659,United States
Silver Medal,1924276,Italy
Silver Medal,1924277,Italy
Silver Medal,1924275,Italy
Silver Medal,1924279,Italy
Bronze Medal,1896544,Japan
Bronze Medal,1896545,Japan
Bronze Medal,1896517,Japan
Bronze Medal,1896535,Japan
Gold Medal,1551186,Romania
Gold Medal,1551238,Romania
Silver Medal,1965589,Netherlands
Silver Medal,1965588,Netherlands
Bronze Medal,1544454,Ireland
Bronze Medal,1543317,Ireland
Gold Medal,1944727,United States
Gold Medal,1944631,United States
Gold Medal,1944681,United States
Gold Medal,1944652,United States
Silver Medal,1927001,New Zealand
Silver Medal,1927020,New Zealand
Silver Medal,1927019,New Zealand
Silver Medal,1926991,New Zealand
Bronze Medal,1901100,Great Britain
Bronze Medal,1901026,Great Britain
Bronze Medal,1901025,Great Britain
Bronze Medal,1901050,Great Britain
Gold Medal,1927028,New Zealand
Gold Medal,1927024,New Zealand
Silver Medal,1550303,Romania
Silver Medal,1550560,Romania
Bronze Medal,1901075,Great Britain
Bronze Medal,1901099,Great Britain
Gold Medal,1965560,Netherlands
Gold Medal,1965567,Netherlands
Gold Medal,1965566,Netherlands
Gold Medal,1965557,Netherlands
Silver Medal,1901028,Great Britain
Silver Medal,1901037,Great Britain
Silver Medal,1901086,Great Britain
Silver Medal,1901092,Great Britain
Bronze Medal,1926998,New Zealand
Bronze Medal,1927007,New Zealand
Bronze Medal,1927003,New Zealand
Bronze Medal,1926999,New Zealand
Gold Medal,1946201,Australia
Gold Medal,1946188,Australia
Gold Medal,1946157,Australia
Gold Medal,1946227,Australia
Gold Medal,1946218,Australia
Gold Medal,1946150,Australia
Silver Medal,1935967,United States
Silver Medal,1935907,United States
Silver Medal,1935945,United States
Silver Medal,1935979,United States
Silver Medal,1935938,United States
Silver Medal,1935943,United States
Silver Medal,1936000,United States
Bronze Medal,1945224,China
Bronze Medal,1945222,China
Bronze Medal,1945171,China
Bronze Medal,1945223,China
Bronze Medal,1945169,China
Bronze Medal,1945159,China
Gold Medal,1902147,Korea
Gold Medal,1902135,Korea
Silver Medal,1553258,Germany
Silver Medal,1553249,Germany
Bronze Medal,1955601,United States
Bronze Medal,1955595,United States
Gold Medal,1913418,China
Gold Medal,1913432,China
Silver Medal,1891507,Korea
Silver Medal,1891502,Korea
Bronze Medal,1541614,Japan
Bronze Medal,1541619,Japan
Gold Medal,1901551,China
Gold Medal,1901549,China
Silver Medal,1536197,Mexico
Silver Medal,1535349,Mexico
Bronze Medal,1900840,Great Britain
Bronze Medal,1900848,Great Britain
Gold Medal,1970891,Great Britain
Gold Medal,1970896,Great Britain
Gold Medal,1979168,Great Britain
Gold Medal,1970925,Great Britain
Silver Medal,1951875,United States
Silver Medal,1951819,United States
Silver Medal,1951840,United States
Silver Medal,1951802,United States
Bronze Medal,1899865,
Bronze Medal,1899843,France
Bronze Medal,1899845,France
Bronze Medal,1899856,France
Gold Medal,1946450,Hungary
Gold Medal,1946370,Hungary
Gold Medal,1946278,Hungary
Gold Medal,1946379,Hungary
Silver Medal,1896548,Japan
Silver Medal,1896554,Japan
Silver Medal,1896549,Japan
Silver Medal,1896538,Japan
Bronze Medal,1914523,Czechia
Bronze Medal,1914535,Czechia
Bronze Medal,1914540,Czechia
Bronze Medal,1914531,Czechia
Gold Medal,1543322,Ireland
Gold Medal,1572444,Ireland
Silver Medal,1547870,Italy
Silver Medal,1547873,Italy
Bronze Medal,1977132,Greece
Bronze Medal,1977153,Greece
Gold Medal,1901048,Great Britain
Gold Medal,1901071,Great Britain
Silver Medal,1550661,Romania
Silver Medal,1550384,Romania
Bronze Medal,1977101,Greece
Bronze Medal,1977159,Greece
Gold Medal,1916685,Croatia
Gold Medal,1921490,Croatia
Silver Medal,1901101,Great Britain
Silver Medal,1901066,Great Britain
Bronze Medal,1977804,Switzerland
Bronze Medal,1976556,Switzerland
Gold Medal,1965559,Netherlands
Gold Medal,1965556,Netherlands
Silver Medal,1550789,Romania
Silver Medal,1550289,Romania
Bronze Medal,1945670,Australia
Bronze Medal,1945644,Australia
Gold Medal,1959270,Spain
Gold Medal,1959294,Spain
Silver Medal,1918833,New Zealand
Silver Medal,1918834,New Zealand
Bronze Medal,1950366,United States
Bronze Medal,1950381,United States
Gold Medal,1970495,Netherlands
Gold Medal,1970514,Netherlands
Silver Medal,1564653,Sweden
Silver Medal,1564657,Sweden
Bronze Medal,1559558,France
Bronze Medal,1559559,France
Gold Medal,1901342,Czechia
Gold Medal,1901333,Czechia
Silver Medal,1927719,China
Silver Medal,1927704,China
Bronze Medal,1972627,Canada
Bronze Medal,1972646,Canada
Gold Medal,1972116,Netherlands
Gold Medal,1972234,Netherlands
Gold Medal,1972078,Netherlands
Gold Medal,1972115,Netherlands
Gold Medal,1972240,Netherlands
Gold Medal,1972077,
Silver Medal,1960590,United States
Silver Medal,1960111,United States
Silver Medal,4979564,United States
Silver Medal,1960650,United States
Silver Medal,1960179,United States
Silver Medal,4979557,United States
Bronze Medal,1924406,Great Britain
Bronze Medal,1924426,Great Britain
Bronze Medal,1956844,Great Britain
Bronze Medal,1956853,Great Britain
Bronze Medal,1924383,Great Britain
Bronze Medal,1956846,Great Britain
Bronze Medal,1924464,Great Britain
Bronze Medal,1924506,Great Britain
Bronze Medal,1924509,Great Britain
Gold Medal,1913438,China
Gold Medal,1913439,China
Silver Medal,1913441,China
Silver Medal,1913442,China
Bronze Medal,1541630,Japan
Bronze Medal,1541629,Japan
Gold Medal,1914905,Germany
Gold Medal,1914936,Germany
Gold Medal,1914909,Germany
Gold Medal,1914907,Germany
Silver Medal,1892359,Denmark
Silver Medal,1892363,Denmark
Silver Medal,1892358,Denmark
Silver Medal,1892364,Denmark
Bronze Medal,1970905,Great Britain
Bronze Medal,1970910,Great Britain
Bronze Medal,1970921,Great Britain
Bronze Medal,1970907,Great Britain
Gold Medal,1897644,Ukraine
Gold Medal,1897638,Ukraine
Gold Medal,1897637,Ukraine
Gold Medal,1897633,Ukraine
Silver Medal,1927158,Korea
Silver Medal,1927123,Korea
Silver Medal,1927113,Korea
Silver Medal,1927122,Korea
Bronze Medal,1896542,Japan
Bronze Medal,1896519,Japan
Bronze Medal,1896541,Japan
Bronze Medal,1896522,Japan
Gold Medal,1891280,France
Gold Medal,1891283,France
Gold Medal,1891286,France
Gold Medal,1891289,France
Gold Medal,1891292,France
Gold Medal,1891300,France
Gold Medal,1891297,France
Gold Medal,1891311,France
Gold Medal,1891307,France
Gold Medal,1891304,France
Gold Medal,1891314,France
Gold Medal,1891318,France
Gold Medal,1891320,France
Gold Medal,1891323,France
Silver Medal,1896760,Japan
Silver Medal,1896733,Japan
Silver Medal,1896735,Japan
Silver Medal,1896744,Japan
Silver Medal,1896767,Japan
Silver Medal,1896762,Japan
Silver Medal,1896743,Japan
Silver Medal,1896763,Japan
Silver Medal,1896740,Japan
Silver Medal,1896752,Japan
Silver Medal,1896750,Japan
Silver Medal,1896765,Japan
Silver Medal,1896748,Japan
Silver Medal,1896764,Japan
Bronze Medal,1953817,Brazil
Bronze Medal,1953835,Brazil
Bronze Medal,1953812,Brazil
Bronze Medal,1953777,Brazil
Bronze Medal,1953781,Brazil
Bronze Medal,1953840,Brazil
Bronze Medal,1953832,Brazil
Bronze Medal,1953799,Brazil
Bronze Medal,1953816,Brazil
Bronze Medal,1953836,Brazil
Bronze Medal,1928067,Korea
Bronze Medal,1940097,Korea
Bronze Medal,1940098,Korea
Bronze Medal,1928071,Korea
Bronze Medal,1928070,Korea
Bronze Medal,1928082,Korea
Bronze Medal,1928064,Korea
Bronze Medal,1928074,Korea
Bronze Medal,1928066,Korea
Bronze Medal,1928079,Korea
Bronze Medal,1928072,Korea
Gold Medal,1901045,Great Britain
Gold Medal,1901068,Great Britain
Gold Medal,1901036,Great Britain
Gold Medal,1901051,Great Britain
Gold Medal,1901062,Great Britain
Gold Medal,1901056,Great Britain
Gold Medal,1901089,Great Britain
Gold Medal,1901064,Great Britain
Gold Medal,1901041,Great Britain
Silver Medal,1965596,Netherlands
Silver Medal,1965587,Netherlands
Silver Medal,1965601,Netherlands
Silver Medal,1965592,Netherlands
Silver Medal,1965583,Netherlands
Silver Medal,1965548,Netherlands
Silver Medal,1965597,Netherlands
Silver Medal,1965581,Netherlands
Silver Medal,1965562,Netherlands
Bronze Medal,1944696,United States
Bronze Medal,1944757,United States
Bronze Medal,1944764,United States
Bronze Medal,1944660,United States
Bronze Medal,1944642,United States
Bronze Medal,1944646,United States
Bronze Medal,1944625,United States
Bronze Medal,1944747,United States
Bronze Medal,1944731,United States
Gold Medal,1550630,Romania
Gold Medal,1550289,Romania
Gold Medal,1550303,Romania
Gold Medal,1550437,Romania
Gold Medal,1550285,Romania
Gold Medal,1550294,Romania
Gold Medal,1550789,Romania
Gold Medal,1550560,Romania
Gold Medal,1550542,Romania
Silver Medal,1967522,Canada
Silver Medal,4031142,Canada
Silver Medal,1967515,Canada
Silver Medal,1967511,Canada
Silver Medal,1967530,Canada
Silver Medal,1967517,Canada
Silver Medal,1967528,Canada
Silver Medal,1967508,Canada
Silver Medal,1967514,Canada
Bronze Medal,1901079,Great Britain
Bronze Medal,1901080,Great Britain
Bronze Medal,1901059,Great Britain
Bronze Medal,1901065,Great Britain
Bronze Medal,1901077,Great Britain
Bronze Medal,1901094,Great Britain
Bronze Medal,1901096,Great Britain
Bronze Medal,1901044,Great Britain
Bronze Medal,1901063,Great Britain
Gold Medal,1935984,United States
Gold Medal,1935992,United States
Gold Medal,1935896,United States
Gold Medal,1935860,United States
Gold Medal,1935901,United States
Gold Medal,1935923,United States
Gold Medal,1935957,United States
Gold Medal,1935998,United States
Silver Medal,1945132,China
Silver Medal,1945200,China
Silver Medal,1945125,China
Silver Medal,1945148,China
Silver Medal,1945128,China
Silver Medal,1945159,China
Bronze Medal,1946183,Australia
Bronze Medal,1946185,Australia
Bronze Medal,1946177,Australia
Bronze Medal,1946200,Australia
Bronze Medal,1946198,Australia
Bronze Medal,1946218,Australia
Bronze Medal,1946209,Australia
Bronze Medal,1946195,Australia
Gold Medal,1967767,Australia
Gold Medal,1967762,Australia
Silver Medal,1930790,United States
Silver Medal,1930804,United States
Bronze Medal,1930782,United States
Bronze Medal,1930801,United States
Gold Medal,1570107,Chinese Taipei
Gold Medal,1570105,Chinese Taipei
Silver Medal,1913424,China
Silver Medal,1913429,China
Bronze Medal,1566564,Malaysia
Bronze Medal,1569961,Malaysia
Gold Medal,1896550,Japan
Gold Medal,1896532,Japan
Gold Medal,1896553,Japan
Gold Medal,1896551,Japan
Silver Medal,1924291,Italy
Silver Medal,1924289,Italy
Silver Medal,1924287,Italy
Silver Medal,1924290,Italy
Bronze Medal,1916213,France
Bronze Medal,1916215,France
Bronze Medal,1916216,France
Bronze Medal,1916217,France
Gold Medal,1945132,China
Gold Medal,1945128,China
Gold Medal,1945149,China
Gold Medal,1945148,China
Gold Medal,1945127,China
Silver Medal,1935871,United States
Silver Medal,1935992,United States
Silver Medal,1935915,United States
Silver Medal,1935869,United States
Silver Medal,1935896,United States
Silver Medal,1935901,United States
Silver Medal,1935957,United States
Bronze Medal,1909299,France
Bronze Medal,1909294,France
Bronze Medal,1909307,France
Bronze Medal,1909278,France
Bronze Medal,1909284,France
Bronze Medal,1909292,France
Gold Medal,1935873,United States
Gold Medal,1935999,United States
Gold Medal,1935979,United States
Gold Medal,1935895,United States
Gold Medal,1935923,United States
Gold Medal,1935932,United States
Gold Medal,1935984,United States
Gold Medal,1935998,United States
Silver Medal,1946183,Australia
Silver Medal,1946174,Australia
Silver Medal,1946146,Australia
Silver Medal,1946212,Australia
Silver Medal,1946177,Australia
Silver Medal,1946198,Australia
Silver Medal,1946218,Australia
Silver Medal,1946190,Australia
Bronze Medal,1945157,China
Bronze Medal,1945200,China
Bronze Medal,1945164,China
Bronze Medal,1945206,China
Bronze Medal,1945202,China
Bronze Medal,1945159,China
Bronze Medal,1945125,China
Gold Medal,1562409,Italy
Gold Medal,1910330,Italy
Silver Medal,1979734,AIN
Silver Medal,1979732,AIN
Bronze Medal,1563687,Spain
Bronze Medal,1563681,Spain
Gold Medal,1970800,Netherlands
Gold Medal,1970792,Netherlands
Gold Medal,1970796,Netherlands
Gold Medal,1970797,Netherlands
Silver Medal,1568595,France
Silver Medal,1568603,France
Silver Medal,1568606,France
Silver Medal,1568608,France
Bronze Medal,1943480,Lithuania
Bronze Medal,1943486,Lithuania
Bronze Medal,1943471,Lithuania
Bronze Medal,1943515,Lithuania
Gold Medal,1898807,Germany
Gold Medal,1898816,Germany
Gold Medal,1898835,Germany
Gold Medal,1898870,Germany
Silver Medal,1958461,Spain
Silver Medal,1958573,Spain
Silver Medal,1958504,Spain
Silver Medal,1958475,Spain
Bronze Medal,1954736,United States
Bronze Medal,1954768,United States
Bronze Medal,1954785,United States
Bronze Medal,1954738,United States
Gold Medal,1957082,Great Britain
Gold Medal,1912522,Great Britain
Gold Medal,1912514,Great Britain
Gold Medal,1912564,Great Britain
Silver Medal,1945040,New Zealand
Silver Medal,1945068,New Zealand
Silver Medal,1945035,New Zealand
Silver Medal,1945038,New Zealand
Bronze Medal,1889702,Germany
Bronze Medal,1889704,Germany
Bronze Medal,1889703,Germany
Bronze Medal,1889705,Germany
Gold Medal,1915325,Italy
Gold Medal,1915333,Italy
Silver Medal,1944397,United States
Silver Medal,1944354,United States
Bronze Medal,1913978,China
Bronze Medal,1961747,China
Gold Medal,1558780,Germany
Gold Medal,1558784,Germany
Gold Medal,1558775,Germany
Gold Medal,1558773,Germany
Silver Medal,1930750,United States
Silver Medal,1930752,United States
Silver Medal,1930747,United States
Silver Medal,1930739,United States
Bronze Medal,1904251,Great Britain
Bronze Medal,1904248,Great Britain
Bronze Medal,1904232,Great Britain
Bronze Medal,1904244,Great Britain
Gold Medal,1969218,Netherlands
Gold Medal,1969182,Netherlands
Gold Medal,1969203,Netherlands
Gold Medal,1969204,Netherlands
Silver Medal,1912515,Great Britain
Silver Medal,1912568,Great Britain
Silver Medal,1912536,Great Britain
Silver Medal,1912567,Great Britain
Bronze Medal,1940262,Australia
Bronze Medal,1940263,Australia
Bronze Medal,1940260,Australia
Bronze Medal,1940267,Australia
Gold Medal,1908847,China
Gold Medal,1908846,China
Gold Medal,1908853,China
Gold Medal,1908850,China
Gold Medal,1908852,China
Gold Medal,1908855,China
Gold Medal,1908854,China
Gold Medal,1908851,China
Gold Medal,1908848,China
Silver Medal,1943038,United States
Silver Medal,1943040,United States
Silver Medal,1943042,United States
Silver Medal,1943043,United States
Silver Medal,1943044,United States
Silver Medal,1943046,United States
Silver Medal,1943048,United States
Silver Medal,1943049,United States
Silver Medal,1943045,United States
Bronze Medal,1954818,Spain
Bronze Medal,1954815,Spain
Bronze Medal,1954814,Spain
Bronze Medal,1954819,Spain
Bronze Medal,1954816,Spain
Bronze Medal,1954813,Spain
Bronze Medal,1954811,Spain
Bronze Medal,1954809,Spain
Bronze Medal,1954817,Spain
Gold Medal,1904165,Spain
Gold Medal,1905369,Spain
Silver Medal,1929767,Ecuador
Silver Medal,1930407,Ecuador
Bronze Medal,1939848,Australia
Bronze Medal,1939791,Australia
Gold Medal,1940264,Australia
Gold Medal,1940258,Australia
Gold Medal,1940265,Australia
Gold Medal,1940253,Australia
Gold Medal,1940256,Australia
Silver Medal,1912571,Great Britain
Silver Medal,1912575,Great Britain
Silver Medal,1912510,Great Britain
Silver Medal,1912560,Great Britain
Silver Medal,1957081,Great Britain
Silver Medal,1912557,Great Britain
Bronze Medal,1923518,Italy
Bronze Medal,1923520,Italy
Bronze Medal,1923517,Italy
Bronze Medal,1923529,Italy
Bronze Medal,1923521,Italy
Gold Medal,1955077,United States
Gold Medal,1955080,United States
Gold Medal,1955081,United States
Gold Medal,1955106,United States
Gold Medal,1955108,United States
Gold Medal,1955079,United States
Silver Medal,1945056,New Zealand
Silver Medal,1945080,New Zealand
Silver Medal,1945081,New Zealand
Silver Medal,1945061,New Zealand
Silver Medal,1945066,New Zealand
Bronze Medal,1912519,Great Britain
Bronze Medal,1912507,Great Britain
Bronze Medal,1912532,Great Britain
Bronze Medal,1912538,Great Britain
Bronze Medal,1957083,Great Britain
Bronze Medal,1912508,Great Britain
Gold Medal,1927393,China
Gold Medal,1927392,China
Silver Medal,1548871,Italy
Silver Medal,1548868,Italy
Bronze Medal,1954023,Spain
Bronze Medal,1953996,Spain
Gold Medal,1913740,Germany
Gold Medal,1913736,Germany
Gold Medal,1913746,Germany
Gold Medal,1913737,Germany
Silver Medal,1940222,Australia
Silver Medal,1940221,Australia
Silver Medal,1940217,Australia
Silver Medal,1940220,Australia
Bronze Medal,1953992,Spain
Bronze Medal,1953983,Spain
Bronze Medal,1954051,Spain
Bronze Medal,1954008,Spain
Gold Medal,1945383,New Zealand
Gold Medal,1945378,New Zealand
Gold Medal,1945392,New Zealand
Gold Medal,1945375,New Zealand
Silver Medal,1913800,Germany
Silver Medal,1913749,Germany
Silver Medal,1913793,Germany
Silver Medal,1913743,Germany
Bronze Medal,1570556,Hungary
Bronze Medal,1568745,Hungary
Bronze Medal,1568350,Hungary
Bronze Medal,1568750,Hungary
Bronze Medal,1974002,Morocco
Bronze Medal,1970338,Morocco
Bronze Medal,1966721,Morocco
Bronze Medal,1965671,Morocco
Bronze Medal,1974721,Morocco
Bronze Medal,1965956,Morocco
Bronze Medal,1967241,Morocco
Bronze Medal,1966630,Morocco
Bronze Medal,1970731,Morocco
Bronze Medal,1965995,Morocco
Bronze Medal,1965809,Morocco
Bronze Medal,1965515,Morocco
Bronze Medal,1966539,Morocco
Bronze Medal,1966919,Morocco
Bronze Medal,1967172,Morocco
Bronze Medal,1966639,Morocco
Bronze Medal,1966642,Morocco
Bronze Medal,1966624,Morocco
Bronze Medal,1967053,Morocco
Gold Medal,1971941,Netherlands
Gold Medal,1971905,Netherlands
Gold Medal,1971929,Netherlands
Gold Medal,1971922,Netherlands
Gold Medal,1971917,Netherlands
Gold Medal,1971904,Netherlands
Gold Medal,1971921,Netherlands
Gold Medal,1971911,Netherlands
Gold Medal,1971976,Netherlands
Gold Medal,1971980,Netherlands
Gold Medal,1971934,Netherlands
Gold Medal,1971909,Netherlands
Gold Medal,1971956,Netherlands
Gold Medal,1971932,Netherlands
Gold Medal,1971910,Netherlands
Gold Medal,1971963,Netherlands
Gold Medal,1971968,Netherlands
Gold Medal,1971952,Netherlands
Silver Medal,1561321,Germany
Silver Medal,1561319,Germany
Silver Medal,1561323,Germany
Silver Medal,1561318,Germany
Silver Medal,1561325,Germany
Silver Medal,1561362,Germany
Silver Medal,1561360,Germany
Silver Medal,1561365,Germany
Silver Medal,1561316,Germany
Silver Medal,1561413,Germany
Silver Medal,1561322,Germany
Silver Medal,1561381,Germany
Silver Medal,1561320,Germany
Silver Medal,1561324,Germany
Silver Medal,1561377,Germany
Silver Medal,1561374,Germany
Silver Medal,1561386,Germany
Silver Medal,1561402,Germany
Bronze Medal,1543019,India
Bronze Medal,1543026,India
Bronze Medal,1543059,India
Bronze Medal,1543020,India
Bronze Medal,1543033,India
Bronze Medal,1543061,India
Bronze Medal,1543022,India
Bronze Medal,1543017,India
Bronze Medal,1543028,India
Bronze Medal,1543015,India
Bronze Medal,1543064,India
Bronze Medal,1543024,India
Bronze Medal,1543029,India
Bronze Medal,1543031,India
Bronze Medal,1543021,India
Bronze Medal,1543030,India
Gold Medal,1566451,Austria
Gold Medal,1566447,Austria
Silver Medal,1941435,Japan
Silver Medal,1941438,Japan
Bronze Medal,1564652,Sweden
Bronze Medal,1564651,Sweden
Gold Medal,1899650,Italy
Gold Medal,1899647,Italy
Silver Medal,1538041,Argentina
Silver Medal,1538028,Argentina
Bronze Medal,1918835,New Zealand
Bronze Medal,1918832,New Zealand
Gold Medal,1974038,Canada
Gold Medal,1974049,Canada
Gold Medal,1974065,Canada
Gold Medal,1974072,Canada
Gold Medal,1974096,Canada
Gold Medal,1974289,Canada
Silver Medal,1981059,South Africa
Silver Medal,4343340,South Africa
Silver Medal,1981060,South Africa
Silver Medal,1981055,South Africa
Silver Medal,4339445,South Africa
Bronze Medal,1924439,Great Britain
Bronze Medal,3557190,Great Britain
Bronze Medal,1924431,Great Britain
Bronze Medal,1924442,Great Britain
Bronze Medal,1924457,Great Britain
Gold Medal,1960709,United States
Gold Medal,1960115,United States
Gold Medal,1961011,United States
Gold Medal,1960181,United States
Gold Medal,1965942,United States
Gold Medal,1965868,United States
Silver Medal,1924384,Great Britain
Silver Medal,1956843,Great Britain
Silver Medal,1924432,Great Britain
Silver Medal,1924446,Great Britain
Silver Medal,1924460,Great Britain
Silver Medal,1924507,Great Britain
Bronze Medal,1920096,Germany
Bronze Medal,1920119,Germany
Bronze Medal,1920142,Germany
Bronze Medal,1920164,Germany
Bronze Medal,1920169,Germany
Gold Medal,1964058,Brazil
Gold Medal,1964088,Brazil
Silver Medal,1967340,Canada
Silver Medal,1967346,Canada
Bronze Medal,1976570,Switzerland
Bronze Medal,1976465,Switzerland
Gold Medal,1913746,Germany
Gold Medal,1913736,Germany
Silver Medal,1570441,Hungary
Silver Medal,1570845,Hungary
Bronze Medal,1940218,Australia
Bronze Medal,1940223,Australia
Gold Medal,1927382,China
Gold Medal,1927383,China
Silver Medal,1897153,Ukraine
Silver Medal,1897155,Ukraine
Bronze Medal,1964583,Canada
Bronze Medal,1964547,Canada
Gold Medal,1945383,New Zealand
Gold Medal,1945378,New Zealand
Silver Medal,1568350,Hungary
Silver Medal,1568750,Hungary
Bronze Medal,1913800,Germany
Bronze Medal,1913749,Germany
Bronze Medal,1570556,Hungary
Bronze Medal,1568745,Hungary
Gold Medal,1923042,Italy
Gold Medal,1923048,Italy
Silver Medal,1912519,Great Britain
Silver Medal,1912507,Great Britain
Bronze Medal,1969170,Netherlands
Bronze Medal,1969173,Netherlands
Gold Medal,1942296,Spain
Gold Medal,1942269,Spain
Gold Medal,1942241,Spain
Gold Medal,1942076,Spain
Gold Medal,1942056,Spain
Gold Medal,1942037,Spain
Gold Medal,1942222,Spain
Gold Medal,1942301,Spain
Gold Medal,1942280,Spain
Gold Medal,1942033,Spain
Gold Medal,1942221,Spain
Gold Medal,1942259,Spain
Gold Medal,1942077,Spain
Gold Medal,1942257,Spain
Gold Medal,1942099,Spain
Gold Medal,1942039,Spain
Gold Medal,1942089,Spain
Gold Medal,1942256,Spain
Gold Medal,1942248,Spain
Gold Medal,1942289,Spain
Gold Medal,1942046,Spain
Gold Medal,1942104,Spain
Silver Medal,1900695,France
Silver Medal,1900683,France
Silver Medal,1900718,France
Silver Medal,4669223,France
Silver Medal,1900709,France
Silver Medal,1900672,France
Silver Medal,1900699,France
Silver Medal,1900626,France
Silver Medal,1900668,France
Silver Medal,1900674,France
Silver Medal,1900653,France
Silver Medal,1900694,France
Silver Medal,1900644,France
Silver Medal,3549727,France
Silver Medal,1900682,France
Silver Medal,1900702,France
Silver Medal,1900684,France
Silver Medal,1900641,France
Silver Medal,1900690,France
Silver Medal,1900651,France
Silver Medal,1900680,France
Bronze Medal,1880591,Germany
Bronze Medal,1880576,Germany
Bronze Medal,1880566,Germany
Bronze Medal,1880606,Germany
Bronze Medal,1880595,Germany
Bronze Medal,1880574,Germany
Bronze Medal,1880572,Germany
Bronze Medal,1880581,Germany
Bronze Medal,1880584,Germany
Bronze Medal,1880573,Germany
Bronze Medal,1880564,Germany
Bronze Medal,1880602,Germany
Bronze Medal,1880565,Germany
Bronze Medal,1880609,Germany
Bronze Medal,1880575,Germany
Bronze Medal,1880592,Germany
Bronze Medal,1880583,Germany
Bronze Medal,1880610,Germany
Bronze Medal,1880571,Germany
Bronze Medal,1880578,Germany
Gold Medal,1971974,Netherlands
Gold Medal,1971927,Netherlands
Gold Medal,1971955,Netherlands
Gold Medal,1971960,Netherlands
Gold Medal,1971978,Netherlands
Gold Medal,1971940,Netherlands
Gold Medal,1971948,Netherlands
Gold Medal,1971903,Netherlands
Gold Medal,1971975,Netherlands
Gold Medal,1971945,Netherlands
Gold Medal,1971950,Netherlands
Gold Medal,1971919,Netherlands
Gold Medal,1971942,Netherlands
Gold Medal,1971965,Netherlands
Gold Medal,1971973,Netherlands
Gold Medal,1971958,Netherlands
Gold Medal,1971923,Netherlands
Silver Medal,1926915,China
Silver Medal,1926896,China
Silver Medal,1926914,China
Silver Medal,1926920,China
Silver Medal,1926893,China
Silver Medal,1926908,China
Silver Medal,1926901,China
Silver Medal,1926909,China
Silver Medal,1926894,China
Silver Medal,1926923,China
Silver Medal,1926898,China
Silver Medal,1926895,China
Silver Medal,1926926,China
Silver Medal,1926912,China
Silver Medal,1926922,China
Silver Medal,1926910,China
Silver Medal,1926916,China
Bronze Medal,1538304,Argentina
Bronze Medal,1538274,Argentina
Bronze Medal,1538294,Argentina
Bronze Medal,1538253,Argentina
Bronze Medal,1538244,Argentina
Bronze Medal,1538276,Argentina
Bronze Medal,1538266,Argentina
Bronze Medal,1538295,Argentina
Bronze Medal,1538299,Argentina
Bronze Medal,1538261,Argentina
Bronze Medal,1538305,Argentina
Bronze Medal,1538262,Argentina
Bronze Medal,1538263,Argentina
Bronze Medal,1538260,Argentina
Bronze Medal,1538277,Argentina
Bronze Medal,1900397,Argentina
Gold Medal,1902295,China
Gold Medal,1902300,China
Gold Medal,1902301,China
Silver Medal,1563381,Sweden
Silver Medal,1563386,Sweden
Silver Medal,1563390,Sweden
Bronze Medal,1889178,France
Bronze Medal,1889176,France
Bronze Medal,1889177,France
Bronze Medal,1917987,United States
Bronze Medal,1917988,United States
Bronze Medal,1917991,United States
Bronze Medal,1917993,United States
Bronze Medal,1918000,United States
Bronze Medal,1918002,United States
Bronze Medal,1918003,United States
Bronze Medal,1917982,United States
Bronze Medal,1918007,United States
Bronze Medal,1918009,United States
Bronze Medal,1918011,United States
Bronze Medal,1918012,United States
Bronze Medal,1917994,United States
Gold Medal,1908852,China
Gold Medal,1908853,China
Silver Medal,1544151,Great Britain
Silver Medal,1980935,Great Britain
Bronze Medal,1972513,Netherlands
Bronze Medal,1972512,Netherlands
Gold Medal,1960604,United States
Gold Medal,1960684,United States
Gold Medal,1960590,United States
Gold Medal,1960177,United States
Gold Medal,1965202,United States
Gold Medal,1965289,United States
Gold Medal,1960111,United States
Gold Medal,4979564,United States
Silver Medal,4975921,Botswana
Silver Medal,1950939,Botswana
Silver Medal,1950897,Botswana
Silver Medal,1951506,Botswana
Silver Medal,1950918,Botswana
Silver Medal,1936983,Botswana
Bronze Medal,1924406,Great Britain
Bronze Medal,1924409,Great Britain
Bronze Medal,4663897,Great Britain
Bronze Medal,1924426,Great Britain
Bronze Medal,1924430,Great Britain
Bronze Medal,1956853,Great Britain
Bronze Medal,1924402,
Gold Medal,1960650,United States
Gold Medal,4979555,United States
Gold Medal,1960984,United States
Gold Medal,1961016,United States
Gold Medal,1960909,United States
Gold Medal,1960179,United States
Gold Medal,1965308,United States
Gold Medal,1965868,United States
Silver Medal,1972078,Netherlands
Silver Medal,1972288,Netherlands
Silver Medal,1972115,Netherlands
Silver Medal,1972240,Netherlands
Silver Medal,1972248,Netherlands
Silver Medal,4980004,Netherlands
Silver Medal,1972251,Netherlands
Bronze Medal,1924383,Great Britain
Bronze Medal,1924437,Great Britain
Bronze Medal,1956846,Great Britain
Bronze Medal,1924464,Great Britain
Bronze Medal,1924463,Great Britain
Bronze Medal,1924470,Great Britain
Bronze Medal,1924506,Great Britain
Bronze Medal,1924509,Great Britain
Gold Medal,1954698,United States
Gold Medal,1954701,United States
Gold Medal,1954714,United States
Gold Medal,1954700,United States
Gold Medal,1954724,United States
Gold Medal,1954705,United States
Gold Medal,1954684,United States
Gold Medal,1954683,United States
Gold Medal,1954709,United States
Gold Medal,1954688,United States
Gold Medal,1954699,United States
Gold Medal,1954687,United States
Silver Medal,1573636,France
Silver Medal,1573628,France
Silver Medal,1573627,France
Silver Medal,1573638,France
Silver Medal,1573640,France
Silver Medal,1573632,France
Silver Medal,1573630,France
Silver Medal,1573634,France
Silver Medal,1573633,France
Silver Medal,1573639,France
Silver Medal,1573660,France
Silver Medal,1573642,France
Bronze Medal,1948421,Serbia
Bronze Medal,1948420,Serbia
Bronze Medal,1948413,Serbia
Bronze Medal,1948404,Serbia
Bronze Medal,1948416,Serbia
Bronze Medal,1948407,Serbia
Bronze Medal,1948411,Serbia
Bronze Medal,1948417,Serbia
Bronze Medal,1948408,Serbia
Bronze Medal,1948405,Serbia
Bronze Medal,1948402,Serbia
Bronze Medal,1948418,Serbia
Gold Medal,1934586,Sweden
Gold Medal,1934579,Sweden
Silver Medal,1562864,Germany
Silver Medal,1562868,Germany
Bronze Medal,1878383,Norway
Bronze Medal,1878386,Norway
Gold Medal,1933816,Portugal
Gold Medal,1933821,Portugal
Silver Medal,1923518,Italy
Silver Medal,1923519,Italy
Bronze Medal,1879180,Denmark
Bronze Medal,1879160,Denmark
Gold Medal,1943575,United States
Gold Medal,1943553,United States
Gold Medal,1943542,United States
Gold Medal,1943555,United States
Gold Medal,1943580,United States
Gold Medal,1943566,United States
Gold Medal,1943588,United States
Gold Medal,1943596,United States
Gold Medal,1943591,United States
Gold Medal,1943558,United States
Gold Medal,1943586,United States
Gold Medal,1943550,United States
Gold Medal,1943576,United States
Gold Medal,1943587,United States
Gold Medal,1943585,United States
Gold Medal,1943567,United States
Gold Medal,1943547,United States
Gold Medal,1943574,United States
Gold Medal,4665325,United States
Gold Medal,1943569,United States
Silver Medal,1967608,Brazil
Silver Medal,1967575,Brazil
Silver Medal,1967629,Brazil
Silver Medal,1967625,Brazil
Silver Medal,1967616,Brazil
Silver Medal,1967626,Brazil
Silver Medal,1967602,Brazil
Silver Medal,1967635,Brazil
Silver Medal,1967574,Brazil
Silver Medal,1967617,Brazil
Silver Medal,1967599,Brazil
Silver Medal,1967630,Brazil
Silver Medal,1967636,Brazil
Silver Medal,1967612,Brazil
Silver Medal,1967628,Brazil
Silver Medal,1967594,Brazil
Silver Medal,1967565,Brazil
Silver Medal,1967593,Brazil
Silver Medal,1967623,Brazil
Silver Medal,1967567,Brazil
Silver Medal,1967606,Brazil
Silver Medal,1967607,Brazil
Gold Medal,1878514,Norway
Gold Medal,1878518,Norway
Gold Medal,1878496,Norway
Gold Medal,1878486,Norway
Gold Medal,1878515,Norway
Gold Medal,1878492,Norway
Gold Medal,1878516,Norway
Gold Medal,1878511,Norway
Gold Medal,1878493,Norway
Gold Medal,1878509,Norway
Gold Medal,1878501,Norway
Gold Medal,1878487,Norway
Gold Medal,1878500,Norway
Gold Medal,1878495,Norway
Gold Medal,1878490,Norway
Silver Medal,1879834,France
Silver Medal,1879845,France
Silver Medal,1879853,France
Silver Medal,1879854,France
Silver Medal,1879842,France
Silver Medal,1879856,France
Silver Medal,1879826,France
Silver Medal,1879830,France
Silver Medal,1879839,France
Silver Medal,1893824,France
Silver Medal,1879831,France
Silver Medal,1879846,France
Silver Medal,1879847,France
Silver Medal,1879836,France
Silver Medal,1946320,France
Silver Medal,1879835,France
Silver Medal,1879851,France
Bronze Medal,1895245,Denmark
Bronze Medal,1895210,Denmark
Bronze Medal,1895215,Denmark
Bronze Medal,1895159,Denmark
Bronze Medal,1895232,Denmark
Bronze Medal,1895250,Denmark
Bronze Medal,1895246,Denmark
Bronze Medal,1895168,Denmark
Bronze Medal,1895224,Denmark
Bronze Medal,1895214,Denmark
Bronze Medal,1895187,Denmark
Bronze Medal,1895213,Denmark
Bronze Medal,1895152,Denmark
Bronze Medal,1895226,Denmark
Bronze Medal,1895166,Denmark
Gold Medal,1902307,China
Gold Medal,1902313,China
Gold Medal,1902314,China
Silver Medal,1931100,Japan
Silver Medal,1931098,Japan
Silver Medal,1931101,Japan
Bronze Medal,1936435,Korea
Bronze Medal,1936419,Korea
Bronze Medal,1936425,Korea
Gold Medal,1574049,France
Gold Medal,1574045,France
Gold Medal,1574055,France
Gold Medal,1574057,France
Gold Medal,1574048,France
Gold Medal,1574061,France
Gold Medal,1574041,France
Gold Medal,1574067,France
Gold Medal,1574046,France
Gold Medal,1574058,France
Gold Medal,1574060,France
Gold Medal,1574065,France
Gold Medal,1574043,France
Silver Medal,1902882,Poland
Silver Medal,1902890,Poland
Silver Medal,1902892,Poland
Silver Medal,1902902,Poland
Silver Medal,1902893,Poland
Silver Medal,1902886,Poland
Silver Medal,1902901,Poland
Silver Medal,1902910,Poland
Silver Medal,1902881,Poland
Silver Medal,1902869,Poland
Silver Medal,1902875,Poland
Silver Medal,1902880,Poland
Silver Medal,1902870,Poland
Bronze Medal,1964076,Brazil
Bronze Medal,1964152,Brazil
Bronze Medal,1964140,Brazil
Bronze Medal,1964180,Brazil
Bronze Medal,1964167,Brazil
Bronze Medal,1964169,Brazil
Bronze Medal,1964094,Brazil
Bronze Medal,1964065,Brazil
Bronze Medal,1964063,Brazil
Bronze Medal,1964106,Brazil
Bronze Medal,1964183,Brazil
Bronze Medal,1964136,Brazil
Bronze Medal,1964151,Brazil
Gold Medal,1954878,Spain
Gold Medal,1954897,Spain
Gold Medal,1954877,Spain
Gold Medal,1954893,Spain
Gold Medal,1954895,Spain
Gold Medal,1954875,Spain
Gold Medal,1954900,Spain
Gold Medal,1954894,Spain
Gold Medal,1954880,Spain
Gold Medal,1954874,Spain
Gold Medal,1954881,Spain
Gold Medal,1954886,Spain
Gold Medal,1954903,Spain
Silver Medal,1947514,Australia
Silver Medal,1947523,Australia
Silver Medal,1947513,Australia
Silver Medal,1947506,Australia
Silver Medal,1947540,Australia
Silver Medal,1947497,Australia
Silver Medal,1947508,Australia
Silver Medal,1947541,Australia
Silver Medal,1947546,Australia
Silver Medal,1947498,Australia
Silver Medal,1947528,Australia
Silver Medal,1947512,Australia
Silver Medal,1947515,Australia
Bronze Medal,1968845,Netherlands
Bronze Medal,1968848,Netherlands
Bronze Medal,1968857,Netherlands
Bronze Medal,1968858,Netherlands
Bronze Medal,1968860,Netherlands
Bronze Medal,1968855,Netherlands
Bronze Medal,1968851,Netherlands
Bronze Medal,1968847,Netherlands
Bronze Medal,1968856,Netherlands
Bronze Medal,1968850,Netherlands
Bronze Medal,1968854,Netherlands
Bronze Medal,1968853,Netherlands
Bronze Medal,1968846,Netherlands
Gold Medal,1954742,United States
Gold Medal,1954748,United States
Gold Medal,1954739,United States
Gold Medal,1954730,United States
Gold Medal,1954734,United States
Gold Medal,1954757,United States
Gold Medal,1954752,United States
Gold Medal,1954729,United States
Gold Medal,1954753,United States
Gold Medal,1954758,United States
Gold Medal,1954754,United States
Gold Medal,1954735,United States
Silver Medal,1573445,France
Silver Medal,1573442,France
Silver Medal,1573452,France
Silver Medal,1573439,France
Silver Medal,1573454,France
Silver Medal,1573455,France
Silver Medal,1573451,France
Silver Medal,1573457,France
Silver Medal,1573440,France
Silver Medal,1573448,France
Silver Medal,1573449,France
Silver Medal,1573441,France
Bronze Medal,1939955,Australia
Bronze Medal,1939956,Australia
Bronze Medal,1939970,Australia
Bronze Medal,1939971,Australia
Bronze Medal,1939943,Australia
Bronze Medal,1939952,Australia
Bronze Medal,1939964,Australia
Bronze Medal,1939948,Australia
Bronze Medal,1939946,Australia
Bronze Medal,1939954,Australia
Bronze Medal,1939959,Australia
Bronze Medal,1939967,Australia
Gold Medal,1895223,Denmark
Gold Medal,1895248,Denmark
Gold Medal,1895241,Denmark
Gold Medal,1895238,Denmark
Gold Medal,1895239,Denmark
Gold Medal,1895202,Denmark
Gold Medal,1895227,Denmark
Gold Medal,1895228,Denmark
Gold Medal,1895237,Denmark
Gold Medal,1895172,Denmark
Gold Medal,1895235,Denmark
Gold Medal,1895161,Denmark
Gold Medal,1895178,Denmark
Gold Medal,1895234,Denmark
Gold Medal,1895236,Denmark
Gold Medal,1895180,Denmark
Silver Medal,1899256,Germany
Silver Medal,1899239,Germany
Silver Medal,1899226,Germany
Silver Medal,1899206,Germany
Silver Medal,1899237,Germany
Silver Medal,1899214,Germany
Silver Medal,1899227,Germany
Silver Medal,1899231,Germany
Silver Medal,1899185,Germany
Silver Medal,1899247,Germany
Silver Medal,1899193,Germany
Silver Medal,1899181,Germany
Silver Medal,1899252,Germany
Silver Medal,1899246,Germany
Silver Medal,3546884,Germany
Silver Medal,1899187,Germany
Bronze Medal,1948272,Spain
Bronze Medal,1948260,Spain
Bronze Medal,1948239,Spain
Bronze Medal,1948238,Spain
Bronze Medal,1948246,Spain
Bronze Medal,1948251,Spain
Bronze Medal,1948281,Spain
Bronze Medal,1948233,Spain
Bronze Medal,1948252,Spain
Bronze Medal,1948288,Spain
Bronze Medal,1948280,Spain
Bronze Medal,1948240,Spain
Bronze Medal,1948268,Spain
Bronze Medal,1948244,Spain
Bronze Medal,1948278,Spain
Gold Medal,1921740,Italy
Gold Medal,1921757,Italy
Gold Medal,1921738,Italy
Gold Medal,1921747,Italy
Gold Medal,1921751,Italy
Gold Medal,1921746,Italy
Gold Medal,1921742,Italy
Gold Medal,1921752,Italy
Gold Medal,1921743,Italy
Gold Medal,1969716,Italy
Gold Medal,1921761,Italy
Gold Medal,1921753,Italy
Gold Medal,1921749,Italy
Silver Medal,1917762,United States
Silver Medal,1917759,United States
Silver Medal,1917760,United States
Silver Medal,1917765,United States
Silver Medal,1917766,United States
Silver Medal,1917769,United States
Silver Medal,1917758,United States
Silver Medal,1917738,United States
Silver Medal,1917752,United States
Silver Medal,1917741,United States
Silver Medal,1917757,United States
Silver Medal,1917756,United States
Silver Medal,1917746,United States
Gold Medal,1956434,Serbia
Gold Medal,1956444,Serbia
Gold Medal,1956459,Serbia
Gold Medal,1956456,Serbia
Gold Medal,1956426,Serbia
Gold Medal,1956427,Serbia
Gold Medal,1956432,Serbia
Gold Medal,1956440,Serbia
Gold Medal,1956466,Serbia
Gold Medal,1956465,Serbia
Gold Medal,1956457,Serbia
Gold Medal,1956438,Serbia
Gold Medal,1956448,Serbia
Silver Medal,1915766,Croatia
Silver Medal,1915768,Croatia
Silver Medal,1915778,Croatia
Silver Medal,1915781,Croatia
Silver Medal,1915784,Croatia
Silver Medal,1915769,Croatia
Silver Medal,1915792,Croatia
Silver Medal,1915791,Croatia
Silver Medal,1915802,Croatia
Silver Medal,1915790,Croatia
Silver Medal,1915801,Croatia
Silver Medal,1915782,Croatia
Silver Medal,1915793,Croatia
Bronze Medal,1908370,United States
Bronze Medal,1908360,United States
Bronze Medal,1908369,United States
Bronze Medal,1908365,United States
Bronze Medal,1908353,United States
Bronze Medal,1908352,United States
Bronze Medal,1908357,United States
Bronze Medal,1908371,United States
Bronze Medal,1908350,United States
Bronze Medal,1908354,United States
Bronze Medal,1908355,United States
Bronze Medal,1908361,United States
Bronze Medal,1908359,United States
Gold Medal,1927515,China
Gold Medal,1927516,China
Gold Medal,1927517,China
Gold Medal,1927518,China
Gold Medal,1927519,China
Silver Medal,1908226,Israel
Silver Medal,1908240,Israel
Silver Medal,1908233,Israel
Silver Medal,1908235,Israel
Silver Medal,1908230,Israel
Bronze Medal,1923700,Italy
Bronze Medal,1923701,Italy
Bronze Medal,1923699,Italy
Bronze Medal,1923703,Italy
Bronze Medal,1923704,Italy
